<?xml version="1.0" encoding="UTF-8"?>
<java version="1.8.0_221" class="java.beans.XMLDecoder">
 <object class="org.eclipse.epp.internal.mpc.ui.catalog.MarketplaceInfo" id="MarketplaceInfo0">
  <void property="iuToNodeKey">
   <void method="put">
    <string>de.defmacro.dandelion.feature.sbcl.win32.x86</string>
    <object class="java.util.ArrayList">
     <void method="add">
      <string>http://marketplace.eclipse.org#3233881</string>
     </void>
    </object>
   </void>
   <void method="put">
    <string>cn.ieclipse.adt.ext.feature</string>
    <object class="java.util.ArrayList">
     <void method="add">
      <string>http://marketplace.eclipse.org#393519</string>
     </void>
    </object>
   </void>
   <void method="put">
    <string>net.sourceforge.eclipsejetty.feature</string>
    <object class="java.util.ArrayList">
     <void method="add">
      <string>http://marketplace.eclipse.org#581283</string>
     </void>
    </object>
   </void>
   <void method="put">
    <string>com.vaadin.designer.eclipse</string>
    <object class="java.util.ArrayList">
     <void method="add">
      <string>http://marketplace.eclipse.org#1023</string>
     </void>
    </object>
   </void>
   <void method="put">
    <string>org.eclipse.papyrus.designer.transformation.main.feature</string>
    <object class="java.util.ArrayList">
     <void method="add">
      <string>http://marketplace.eclipse.org#3724955</string>
     </void>
    </object>
   </void>
   <void method="put">
    <string>org.eclipse.m2e.core.ui.phasesandgoals.feature</string>
    <object class="java.util.ArrayList">
     <void method="add">
      <string>http://marketplace.eclipse.org#2394572</string>
     </void>
    </object>
   </void>
   <void method="put">
    <string>oracle.nosql.eclipse.feature</string>
    <object class="java.util.ArrayList">
     <void method="add">
      <string>http://marketplace.eclipse.org#4484439</string>
     </void>
    </object>
   </void>
   <void method="put">
    <string>io.mashin.oep.feature</string>
    <object class="java.util.ArrayList">
     <void method="add">
      <string>http://marketplace.eclipse.org#2503410</string>
     </void>
    </object>
   </void>
   <void method="put">
    <string>com.adocus.mma.papyrus.v4.feature</string>
    <object class="java.util.ArrayList">
     <void method="add">
      <string>http://marketplace.eclipse.org#53864</string>
     </void>
    </object>
   </void>
   <void method="put">
    <string>org.eclipse.papyrus.sysml14.feature</string>
    <object class="java.util.ArrayList">
     <void method="add">
      <string>http://marketplace.eclipse.org#3679759</string>
     </void>
    </object>
   </void>
   <void method="put">
    <string>org.eclipselabs.jar2uml</string>
    <object class="java.util.ArrayList">
     <void method="add">
      <string>http://marketplace.eclipse.org#609100</string>
     </void>
    </object>
   </void>
   <void method="put">
    <string>org.eclipse.wb.core.feature.feature.group</string>
    <object class="java.util.ArrayList">
     <void method="add">
      <string>http://marketplace.eclipse.org#3085446</string>
     </void>
    </object>
   </void>
   <void method="put">
    <string>org.eclipse.wb.core.xml.feature.feature.group</string>
    <object class="java.util.ArrayList">
     <void method="add">
      <string>http://marketplace.eclipse.org#3085446</string>
     </void>
    </object>
   </void>
   <void method="put">
    <string>ts-jsdt-feature</string>
    <object class="java.util.ArrayList">
     <void method="add">
      <string>http://marketplace.eclipse.org#3037133</string>
     </void>
    </object>
   </void>
   <void method="put">
    <string>ArtemisFeature</string>
    <object class="java.util.ArrayList">
     <void method="add">
      <string>http://marketplace.eclipse.org#4612923</string>
     </void>
    </object>
   </void>
   <void method="put">
    <string>org.eclipselabs.simpleocl.feature</string>
    <object class="java.util.ArrayList">
     <void method="add">
      <string>http://marketplace.eclipse.org#609072</string>
     </void>
    </object>
   </void>
   <void method="put">
    <string>com.genuitec.eclipse.code.navigation.feature</string>
    <object class="java.util.ArrayList">
     <void method="add">
      <string>http://marketplace.eclipse.org#4008412</string>
     </void>
    </object>
   </void>
   <void method="put">
    <string>org.eclipse.photran.xlf</string>
    <object class="java.util.ArrayList">
     <void method="add">
      <string>http://marketplace.eclipse.org#3943975</string>
     </void>
    </object>
   </void>
   <void method="put">
    <string>org.eclipse.wb.swing.feature.feature.group</string>
    <object class="java.util.ArrayList">
     <void method="add">
      <string>http://marketplace.eclipse.org#3085446</string>
     </void>
    </object>
   </void>
   <void method="put">
    <string>com.yattasolutions.architecturereview_feature</string>
    <object class="java.util.ArrayList">
     <void method="add">
      <string>http://marketplace.eclipse.org#19495</string>
     </void>
    </object>
   </void>
   <void method="put">
    <string>de.dentrassi.varlink.idl</string>
    <object class="java.util.ArrayList">
     <void method="add">
      <string>http://marketplace.eclipse.org#3863413</string>
     </void>
    </object>
   </void>
   <void method="put">
    <string>org.oneclicklabs.hbase.plugin</string>
    <object class="java.util.ArrayList">
     <void method="add">
      <string>http://marketplace.eclipse.org#2289940</string>
     </void>
    </object>
   </void>
   <void method="put">
    <string>org.eclipse.wb.swing.doc.user.feature.feature.group</string>
    <object class="java.util.ArrayList">
     <void method="add">
      <string>http://marketplace.eclipse.org#3085446</string>
     </void>
    </object>
   </void>
   <void method="put">
    <string>org.birenheide.bf.feature</string>
    <object class="java.util.ArrayList">
     <void method="add">
      <string>http://marketplace.eclipse.org#4153768</string>
     </void>
    </object>
   </void>
   <void method="put">
    <string>org.eclipse.recommenders.rcp.feature</string>
    <object class="java.util.ArrayList">
     <void method="add">
      <string>http://marketplace.eclipse.org#889</string>
     </void>
    </object>
   </void>
   <void method="put">
    <string>de.defmacro.dandelion.feature.sbcl.mac.intel</string>
    <object class="java.util.ArrayList">
     <void method="add">
      <string>http://marketplace.eclipse.org#3233881</string>
     </void>
    </object>
   </void>
   <void method="put">
    <string>com.yattasolutions.umllab.classdiagrams</string>
    <object class="java.util.ArrayList">
     <void method="add">
      <string>http://marketplace.eclipse.org#473457</string>
     </void>
    </object>
   </void>
   <void method="put">
    <string>org.eclipse.wb.rcp.doc.user.feature.feature.group</string>
    <object class="java.util.ArrayList">
     <void method="add">
      <string>http://marketplace.eclipse.org#3085446</string>
     </void>
    </object>
   </void>
   <void method="put">
    <string>com.vaadin.integration.eclipse</string>
    <object class="java.util.ArrayList">
     <void method="add">
      <string>http://marketplace.eclipse.org#1023</string>
     </void>
    </object>
   </void>
   <void method="put">
    <string>com.ibm.osgi.wdt.feature</string>
    <object class="java.util.ArrayList">
     <void method="add">
      <string>http://marketplace.eclipse.org#1778478</string>
     </void>
     <void method="add">
      <string>http://marketplace.eclipse.org#1778507</string>
     </void>
    </object>
   </void>
   <void method="put">
    <string>com.genuitec.eclipse.code.livepreview.feature</string>
    <object class="java.util.ArrayList">
     <void method="add">
      <string>http://marketplace.eclipse.org#4008412</string>
     </void>
    </object>
   </void>
   <void method="put">
    <string>nl.usetechnology.cmake.feature</string>
    <object class="java.util.ArrayList">
     <void method="add">
      <string>http://marketplace.eclipse.org#3113585</string>
     </void>
    </object>
   </void>
   <void method="put">
    <string>com.vaadin.designer2.eclipse</string>
    <object class="java.util.ArrayList">
     <void method="add">
      <string>http://marketplace.eclipse.org#1023</string>
     </void>
    </object>
   </void>
   <void method="put">
    <string>org.pitest.pitclipse.core.feature</string>
    <object class="java.util.ArrayList">
     <void method="add">
      <string>http://marketplace.eclipse.org#1426461</string>
     </void>
    </object>
   </void>
   <void method="put">
    <string>ts-json-feature</string>
    <object class="java.util.ArrayList">
     <void method="add">
      <string>http://marketplace.eclipse.org#3037133</string>
     </void>
    </object>
   </void>
   <void method="put">
    <string>org.eclipse.wb.xwt.feature.feature.group</string>
    <object class="java.util.ArrayList">
     <void method="add">
      <string>http://marketplace.eclipse.org#3085446</string>
     </void>
    </object>
   </void>
   <void method="put">
    <string>net.ramso.doc</string>
    <object class="java.util.ArrayList">
     <void method="add">
      <string>http://marketplace.eclipse.org#134214</string>
     </void>
    </object>
   </void>
   <void method="put">
    <string>org.agileware.natural.jbehave.feature</string>
    <object class="java.util.ArrayList">
     <void method="add">
      <string>http://marketplace.eclipse.org#2427135</string>
     </void>
    </object>
   </void>
   <void method="put">
    <string>org.eclipse.linuxtools.vagrant.feature</string>
    <object class="java.util.ArrayList">
     <void method="add">
      <string>http://marketplace.eclipse.org#2706342</string>
     </void>
    </object>
   </void>
   <void method="put">
    <string>avroclipse.sdk</string>
    <object class="java.util.ArrayList">
     <void method="add">
      <string>http://marketplace.eclipse.org#2600501</string>
     </void>
    </object>
   </void>
   <void method="put">
    <string>csep.feature</string>
    <object class="java.util.ArrayList">
     <void method="add">
      <string>http://marketplace.eclipse.org#1097343</string>
     </void>
    </object>
   </void>
   <void method="put">
    <string>org.eclipse.xtend.sdk</string>
    <object class="java.util.ArrayList">
     <void method="add">
      <string>http://marketplace.eclipse.org#148396</string>
     </void>
    </object>
   </void>
   <void method="put">
    <string>org.eclipse.umlgen.gen.java.ui.feature</string>
    <object class="java.util.ArrayList">
     <void method="add">
      <string>http://marketplace.eclipse.org#790236</string>
     </void>
    </object>
   </void>
   <void method="put">
    <string>com.zeroc.IceBuilder</string>
    <object class="java.util.ArrayList">
     <void method="add">
      <string>http://marketplace.eclipse.org#2449032</string>
     </void>
    </object>
   </void>
   <void method="put">
    <string>org.whole.ide</string>
    <object class="java.util.ArrayList">
     <void method="add">
      <string>http://marketplace.eclipse.org#543</string>
     </void>
    </object>
   </void>
   <void method="put">
    <string>ts-debugging-feature</string>
    <object class="java.util.ArrayList">
     <void method="add">
      <string>http://marketplace.eclipse.org#3037133</string>
     </void>
    </object>
   </void>
   <void method="put">
    <string>de.defmacro.dandelion.feature.clisp.win32.x86</string>
    <object class="java.util.ArrayList">
     <void method="add">
      <string>http://marketplace.eclipse.org#3233881</string>
     </void>
    </object>
   </void>
   <void method="put">
    <string>de.defmacro.dandelion.feature.clisp.linux.x86</string>
    <object class="java.util.ArrayList">
     <void method="add">
      <string>http://marketplace.eclipse.org#3233881</string>
     </void>
    </object>
   </void>
   <void method="put">
    <string>HighlightOnSelectionFeature</string>
    <object class="java.util.ArrayList">
     <void method="add">
      <string>http://marketplace.eclipse.org#3995749</string>
     </void>
    </object>
   </void>
   <void method="put">
    <string>com.genuitec.eclipse.code.feature</string>
    <object class="java.util.ArrayList">
     <void method="add">
      <string>http://marketplace.eclipse.org#4008412</string>
     </void>
    </object>
   </void>
   <void method="put">
    <string>com.helospark.ImportJarAsProjectFeature</string>
    <object class="java.util.ArrayList">
     <void method="add">
      <string>http://marketplace.eclipse.org#4417215</string>
     </void>
    </object>
   </void>
   <void method="put">
    <string>org.impetuouslab.eclipse.filecompletion.feature</string>
    <object class="java.util.ArrayList">
     <void method="add">
      <string>http://marketplace.eclipse.org#2690820</string>
     </void>
    </object>
   </void>
   <void method="put">
    <string>org.eclipse.wb.swt.feature.feature.group</string>
    <object class="java.util.ArrayList">
     <void method="add">
      <string>http://marketplace.eclipse.org#3085446</string>
     </void>
    </object>
   </void>
   <void method="put">
    <string>org.opendaylight.yangide.m2e.yang.feature</string>
    <object class="java.util.ArrayList">
     <void method="add">
      <string>http://marketplace.eclipse.org#3081653</string>
     </void>
    </object>
   </void>
   <void method="put">
    <string>net.certiv.nomdt.feature</string>
    <object class="java.util.ArrayList">
     <void method="add">
      <string>http://marketplace.eclipse.org#2947220</string>
     </void>
    </object>
   </void>
   <void method="put">
    <string>com.yattasolutions.umllab</string>
    <object class="java.util.ArrayList">
     <void method="add">
      <string>http://marketplace.eclipse.org#19495</string>
     </void>
    </object>
   </void>
   <void method="put">
    <string>org.eclipse.recommenders.mylyn.rcp.feature</string>
    <object class="java.util.ArrayList">
     <void method="add">
      <string>http://marketplace.eclipse.org#889</string>
     </void>
    </object>
   </void>
   <void method="put">
    <string>net.harawata.mybatipse.feature</string>
    <object class="java.util.ArrayList">
     <void method="add">
      <string>http://marketplace.eclipse.org#1467819</string>
     </void>
    </object>
   </void>
   <void method="put">
    <string>net.certiv.fluentmark.feature</string>
    <object class="java.util.ArrayList">
     <void method="add">
      <string>http://marketplace.eclipse.org#3217596</string>
     </void>
    </object>
   </void>
   <void method="put">
    <string>org.pragmaticmodeling.pxdoc.uml.papyrus.feature</string>
    <object class="java.util.ArrayList">
     <void method="add">
      <string>http://marketplace.eclipse.org#4282688</string>
     </void>
    </object>
   </void>
   <void method="put">
    <string>bndtools.pde.feature</string>
    <object class="java.util.ArrayList">
     <void method="add">
      <string>http://marketplace.eclipse.org#1220</string>
     </void>
    </object>
   </void>
   <void method="put">
    <string>de.bastiankrol.startexplorer.feature</string>
    <object class="java.util.ArrayList">
     <void method="add">
      <string>http://marketplace.eclipse.org#1451713</string>
     </void>
    </object>
   </void>
   <void method="put">
    <string>org.nodeclipse.enide.maven.feature</string>
    <object class="java.util.ArrayList">
     <void method="add">
      <string>http://marketplace.eclipse.org#1451713</string>
     </void>
    </object>
   </void>
   <void method="put">
    <string>protelis.parser.feature</string>
    <object class="java.util.ArrayList">
     <void method="add">
      <string>http://marketplace.eclipse.org#4453693</string>
     </void>
    </object>
   </void>
   <void method="put">
    <string>de.urszeidler.eclipse.solidity.feature</string>
    <object class="java.util.ArrayList">
     <void method="add">
      <string>http://marketplace.eclipse.org#2784342</string>
     </void>
    </object>
   </void>
   <void method="put">
    <string>org.agileware.natural.cucumber.feature</string>
    <object class="java.util.ArrayList">
     <void method="add">
      <string>http://marketplace.eclipse.org#2427135</string>
     </void>
    </object>
   </void>
   <void method="put">
    <string>org.oneclicklabs.java.restful</string>
    <object class="java.util.ArrayList">
     <void method="add">
      <string>http://marketplace.eclipse.org#1965048</string>
     </void>
    </object>
   </void>
   <void method="put">
    <string>org.eclipse.wb.css.feature.feature.group</string>
    <object class="java.util.ArrayList">
     <void method="add">
      <string>http://marketplace.eclipse.org#3085446</string>
     </void>
    </object>
   </void>
   <void method="put">
    <string>org.eclipse.photran</string>
    <object class="java.util.ArrayList">
     <void method="add">
      <string>http://marketplace.eclipse.org#3943975</string>
     </void>
    </object>
   </void>
   <void method="put">
    <string>ts-feature</string>
    <object class="java.util.ArrayList">
     <void method="add">
      <string>http://marketplace.eclipse.org#3037133</string>
     </void>
    </object>
   </void>
   <void method="put">
    <string>ts-validation-feature</string>
    <object class="java.util.ArrayList">
     <void method="add">
      <string>http://marketplace.eclipse.org#3037133</string>
     </void>
    </object>
   </void>
   <void method="put">
    <string>com.ibm.wdt.migration.tools.feature</string>
    <object class="java.util.ArrayList">
     <void method="add">
      <string>http://marketplace.eclipse.org#1778478</string>
     </void>
     <void method="add">
      <string>http://marketplace.eclipse.org#1778507</string>
     </void>
    </object>
   </void>
   <void method="put">
    <string>pm.eclipse.editbox.feature</string>
    <object class="java.util.ArrayList">
     <void method="add">
      <string>http://marketplace.eclipse.org#1451713</string>
     </void>
     <void method="add">
      <string>http://marketplace.eclipse.org#1097343</string>
     </void>
    </object>
   </void>
   <void method="put">
    <string>org.eclipse.wb.layout.group.feature.feature.group</string>
    <object class="java.util.ArrayList">
     <void method="add">
      <string>http://marketplace.eclipse.org#3085446</string>
     </void>
    </object>
   </void>
   <void method="put">
    <string>org.eclipse.wb.rcp.SWT_AWT_support.feature.group</string>
    <object class="java.util.ArrayList">
     <void method="add">
      <string>http://marketplace.eclipse.org#3085446</string>
     </void>
    </object>
   </void>
   <void method="put">
    <string>com.yattasolutions.mylyn</string>
    <object class="java.util.ArrayList">
     <void method="add">
      <string>http://marketplace.eclipse.org#19495</string>
     </void>
    </object>
   </void>
   <void method="put">
    <string>de.defmacro.dandelion.feature.clisp.mac.intel</string>
    <object class="java.util.ArrayList">
     <void method="add">
      <string>http://marketplace.eclipse.org#3233881</string>
     </void>
    </object>
   </void>
   <void method="put">
    <string>org.eclipse.papyrus.designer.ucm.feature</string>
    <object class="java.util.ArrayList">
     <void method="add">
      <string>http://marketplace.eclipse.org#3724955</string>
     </void>
    </object>
   </void>
   <void method="put">
    <string>org.eclipse.wb.core.ui.feature.feature.group</string>
    <object class="java.util.ArrayList">
     <void method="add">
      <string>http://marketplace.eclipse.org#3085446</string>
     </void>
    </object>
   </void>
   <void method="put">
    <string>de.defmacro.dandelion.feature.clisp.mac.ppc</string>
    <object class="java.util.ArrayList">
     <void method="add">
      <string>http://marketplace.eclipse.org#3233881</string>
     </void>
    </object>
   </void>
   <void method="put">
    <string>org.eclipse.ocl.master</string>
    <object class="java.util.ArrayList">
     <void method="add">
      <string>http://marketplace.eclipse.org#710668</string>
     </void>
    </object>
   </void>
   <void method="put">
    <string>de.defmacro.dandelion.feature.sbcl.linux.x86</string>
    <object class="java.util.ArrayList">
     <void method="add">
      <string>http://marketplace.eclipse.org#3233881</string>
     </void>
    </object>
   </void>
   <void method="put">
    <string>org.eclipse.photran.intel</string>
    <object class="java.util.ArrayList">
     <void method="add">
      <string>http://marketplace.eclipse.org#3943975</string>
     </void>
    </object>
   </void>
   <void method="put">
    <string>avroclipse.generator.avpr</string>
    <object class="java.util.ArrayList">
     <void method="add">
      <string>http://marketplace.eclipse.org#2600501</string>
     </void>
    </object>
   </void>
   <void method="put">
    <string>org.eclipse.recommenders.stats.rcp.feature</string>
    <object class="java.util.ArrayList">
     <void method="add">
      <string>http://marketplace.eclipse.org#1126240</string>
     </void>
    </object>
   </void>
   <void method="put">
    <string>net.ramso.dita</string>
    <object class="java.util.ArrayList">
     <void method="add">
      <string>http://marketplace.eclipse.org#134214</string>
     </void>
    </object>
   </void>
   <void method="put">
    <string>org.eclipse.epp.mpc</string>
    <object class="java.util.ArrayList">
     <void method="add">
      <string>http://marketplace.eclipse.org#4123770</string>
     </void>
    </object>
   </void>
   <void method="put">
    <string>org.eclipse.papyrus.sysml16.feature</string>
    <object class="java.util.ArrayList">
     <void method="add">
      <string>http://marketplace.eclipse.org#4704092</string>
     </void>
    </object>
   </void>
   <void method="put">
    <string>com.ibm.websphere.wdt.st.v85</string>
    <object class="java.util.ArrayList">
     <void method="add">
      <string>http://marketplace.eclipse.org#1778507</string>
     </void>
    </object>
   </void>
   <void method="put">
    <string>org.eclipse.acceleo.sdk</string>
    <object class="java.util.ArrayList">
     <void method="add">
      <string>http://marketplace.eclipse.org#195</string>
     </void>
    </object>
   </void>
   <void method="put">
    <string>com.genuitec.eclipse.code.extended.feature</string>
    <object class="java.util.ArrayList">
     <void method="add">
      <string>http://marketplace.eclipse.org#4008412</string>
     </void>
    </object>
   </void>
   <void method="put">
    <string>org.eclipse.recommenders.snipmatch.rcp.feature</string>
    <object class="java.util.ArrayList">
     <void method="add">
      <string>http://marketplace.eclipse.org#889</string>
     </void>
    </object>
   </void>
   <void method="put">
    <string>com.itemis.jbc.feature</string>
    <object class="java.util.ArrayList">
     <void method="add">
      <string>http://marketplace.eclipse.org#3579717</string>
     </void>
    </object>
   </void>
   <void method="put">
    <string>com.ibm.websphere.wdt.server.tools.main</string>
    <object class="java.util.ArrayList">
     <void method="add">
      <string>http://marketplace.eclipse.org#1778478</string>
     </void>
    </object>
   </void>
   <void method="put">
    <string>com.ibm.wdt.ast.ws.tools.feature</string>
    <object class="java.util.ArrayList">
     <void method="add">
      <string>http://marketplace.eclipse.org#1778478</string>
     </void>
     <void method="add">
      <string>http://marketplace.eclipse.org#1778507</string>
     </void>
    </object>
   </void>
   <void method="put">
    <string>com.ibm.ws.st.docker</string>
    <object class="java.util.ArrayList">
     <void method="add">
      <string>http://marketplace.eclipse.org#1778478</string>
     </void>
    </object>
   </void>
   <void method="put">
    <string>org.eclipse.papyrus.moka.feature</string>
    <object class="java.util.ArrayList">
     <void method="add">
      <string>http://marketplace.eclipse.org#4674927</string>
     </void>
    </object>
   </void>
   <void method="put">
    <string>org.elysium.feature</string>
    <object class="java.util.ArrayList">
     <void method="add">
      <string>http://marketplace.eclipse.org#1460</string>
     </void>
    </object>
   </void>
   <void method="put">
    <string>bndtools.main.feature</string>
    <object class="java.util.ArrayList">
     <void method="add">
      <string>http://marketplace.eclipse.org#1220</string>
     </void>
    </object>
   </void>
   <void method="put">
    <string>org.pitest.feature</string>
    <object class="java.util.ArrayList">
     <void method="add">
      <string>http://marketplace.eclipse.org#1426461</string>
     </void>
    </object>
   </void>
   <void method="put">
    <string>org.whole.sdk</string>
    <object class="java.util.ArrayList">
     <void method="add">
      <string>http://marketplace.eclipse.org#543</string>
     </void>
    </object>
   </void>
   <void method="put">
    <string>org.eclipse.wb.rcp.feature.feature.group</string>
    <object class="java.util.ArrayList">
     <void method="add">
      <string>http://marketplace.eclipse.org#3085446</string>
     </void>
    </object>
   </void>
   <void method="put">
    <string>com.genuitec.eclipse.code.angular.feature</string>
    <object class="java.util.ArrayList">
     <void method="add">
      <string>http://marketplace.eclipse.org#4008412</string>
     </void>
    </object>
   </void>
   <void method="put">
    <string>de.defmacro.dandelion.feature.sbcl.mac.ppc</string>
    <object class="java.util.ArrayList">
     <void method="add">
      <string>http://marketplace.eclipse.org#3233881</string>
     </void>
    </object>
   </void>
   <void method="put">
    <string>org.eclipse.wb.core.java.feature.feature.group</string>
    <object class="java.util.ArrayList">
     <void method="add">
      <string>http://marketplace.eclipse.org#3085446</string>
     </void>
    </object>
   </void>
   <void method="put">
    <string>org.eclipse.acceleo</string>
    <object class="java.util.ArrayList">
     <void method="add">
      <string>http://marketplace.eclipse.org#195</string>
     </void>
    </object>
   </void>
   <void method="put">
    <string>org.opendaylight.yangide.feature</string>
    <object class="java.util.ArrayList">
     <void method="add">
      <string>http://marketplace.eclipse.org#3081653</string>
     </void>
    </object>
   </void>
   <void method="put">
    <string>no.esito.g9.anonymizer.feature</string>
    <object class="java.util.ArrayList">
     <void method="add">
      <string>http://marketplace.eclipse.org#4054060</string>
     </void>
    </object>
   </void>
   <void method="put">
    <string>ts-nodejs.embed-feature</string>
    <object class="java.util.ArrayList">
     <void method="add">
      <string>http://marketplace.eclipse.org#3037133</string>
     </void>
    </object>
   </void>
   <void method="put">
    <string>org.eclipse.wb.doc.user.feature.feature.group</string>
    <object class="java.util.ArrayList">
     <void method="add">
      <string>http://marketplace.eclipse.org#3085446</string>
     </void>
    </object>
   </void>
   <void method="put">
    <string>bndtools.m2e.feature</string>
    <object class="java.util.ArrayList">
     <void method="add">
      <string>http://marketplace.eclipse.org#1220</string>
     </void>
    </object>
   </void>
   <void method="put">
    <string>org.eclipse.papyrus.designer.languages.cpp.feature</string>
    <object class="java.util.ArrayList">
     <void method="add">
      <string>http://marketplace.eclipse.org#3724955</string>
     </void>
    </object>
   </void>
   <void method="put">
    <string>org.eclipse.xtext.sdk</string>
    <object class="java.util.ArrayList">
     <void method="add">
      <string>http://marketplace.eclipse.org#1073</string>
     </void>
    </object>
   </void>
   <void method="put">
    <string>org.eclipselabs.simplegt.feature</string>
    <object class="java.util.ArrayList">
     <void method="add">
      <string>http://marketplace.eclipse.org#609069</string>
     </void>
    </object>
   </void>
   <void method="put">
    <string>ccw.feature</string>
    <object class="java.util.ArrayList">
     <void method="add">
      <string>http://marketplace.eclipse.org#3202</string>
     </void>
    </object>
   </void>
   <void method="put">
    <string>lu.uni.lassy.excalibur.release.updatesite.features.ui</string>
    <object class="java.util.ArrayList">
     <void method="add">
      <string>http://marketplace.eclipse.org#3117023</string>
     </void>
    </object>
   </void>
   <void method="put">
    <string>tokkyMessage.feature</string>
    <object class="java.util.ArrayList">
     <void method="add">
      <string>http://marketplace.eclipse.org#4294254</string>
     </void>
    </object>
   </void>
   <void method="put">
    <string>com.ibm.wdt.webtools.top.feature</string>
    <object class="java.util.ArrayList">
     <void method="add">
      <string>http://marketplace.eclipse.org#1778478</string>
     </void>
    </object>
   </void>
   <void method="put">
    <string>org.pitest.pitclipse.ui.feature</string>
    <object class="java.util.ArrayList">
     <void method="add">
      <string>http://marketplace.eclipse.org#1426461</string>
     </void>
    </object>
   </void>
   <void method="put">
    <string>org.birenheide.bf.feature.source</string>
    <object class="java.util.ArrayList">
     <void method="add">
      <string>http://marketplace.eclipse.org#4153768</string>
     </void>
    </object>
   </void>
   <void method="put">
    <string>io.typefox.yang.eclipse.feature</string>
    <object class="java.util.ArrayList">
     <void method="add">
      <string>http://marketplace.eclipse.org#3710118</string>
     </void>
    </object>
   </void>
   <void method="put">
    <string>org.eclipse.papyrus.designer.languages.java.feature</string>
    <object class="java.util.ArrayList">
     <void method="add">
      <string>http://marketplace.eclipse.org#3724955</string>
     </void>
    </object>
   </void>
   <void method="put">
    <string>io.snyk.scanner</string>
    <object class="java.util.ArrayList">
     <void method="add">
      <string>http://marketplace.eclipse.org#4706981</string>
     </void>
    </object>
   </void>
   <void method="put">
    <string>com.genuitec.eclipse.code.slack.feature</string>
    <object class="java.util.ArrayList">
     <void method="add">
      <string>http://marketplace.eclipse.org#4008412</string>
     </void>
    </object>
   </void>
   <void method="put">
    <string>com.ibm.java.diagnostics.visualizer.feature</string>
    <object class="java.util.ArrayList">
     <void method="add">
      <string>http://marketplace.eclipse.org#1496765</string>
     </void>
    </object>
   </void>
   <void method="put">
    <string>avroclipse.generator.java</string>
    <object class="java.util.ArrayList">
     <void method="add">
      <string>http://marketplace.eclipse.org#2600501</string>
     </void>
    </object>
   </void>
   <void method="put">
    <string>org.eclipse.umlgen.gen.java.feature</string>
    <object class="java.util.ArrayList">
     <void method="add">
      <string>http://marketplace.eclipse.org#790236</string>
     </void>
    </object>
   </void>
   <void method="put">
    <string>org.nodeclipse.pluginslist.feature</string>
    <object class="java.util.ArrayList">
     <void method="add">
      <string>http://marketplace.eclipse.org#1451713</string>
     </void>
     <void method="add">
      <string>http://marketplace.eclipse.org#1097343</string>
     </void>
    </object>
   </void>
  </void>
  <void property="nodeKeyToIU">
   <void method="put">
    <string>http://marketplace.eclipse.org#3217596</string>
    <object class="java.util.ArrayList">
     <void method="add">
      <string>net.certiv.fluentmark.feature</string>
     </void>
    </object>
   </void>
   <void method="put">
    <string>http://marketplace.eclipse.org#3710118</string>
    <object class="java.util.ArrayList">
     <void method="add">
      <string>io.typefox.yang.eclipse.feature</string>
     </void>
    </object>
   </void>
   <void method="put">
    <string>http://marketplace.eclipse.org#19495</string>
    <object class="java.util.ArrayList">
     <void method="add">
      <string>com.yattasolutions.umllab</string>
     </void>
     <void method="add">
      <string>com.yattasolutions.mylyn</string>
     </void>
     <void method="add">
      <string>com.yattasolutions.architecturereview_feature</string>
     </void>
    </object>
   </void>
   <void method="put">
    <string>http://marketplace.eclipse.org#543</string>
    <object class="java.util.ArrayList">
     <void method="add">
      <string>org.whole.ide</string>
     </void>
     <void method="add">
      <string>org.whole.sdk</string>
     </void>
    </object>
   </void>
   <void method="put">
    <string>http://marketplace.eclipse.org#3113585</string>
    <object class="java.util.ArrayList">
     <void method="add">
      <string>nl.usetechnology.cmake.feature</string>
     </void>
    </object>
   </void>
   <void method="put">
    <string>http://marketplace.eclipse.org#3117023</string>
    <object class="java.util.ArrayList">
     <void method="add">
      <string>lu.uni.lassy.excalibur.release.updatesite.features.ui</string>
     </void>
    </object>
   </void>
   <void method="put">
    <string>http://marketplace.eclipse.org#3863413</string>
    <object class="java.util.ArrayList">
     <void method="add">
      <string>de.dentrassi.varlink.idl</string>
     </void>
    </object>
   </void>
   <void method="put">
    <string>http://marketplace.eclipse.org#2449032</string>
    <object class="java.util.ArrayList">
     <void method="add">
      <string>com.zeroc.IceBuilder</string>
     </void>
    </object>
   </void>
   <void method="put">
    <string>http://marketplace.eclipse.org#4054060</string>
    <object class="java.util.ArrayList">
     <void method="add">
      <string>no.esito.g9.anonymizer.feature</string>
     </void>
    </object>
   </void>
   <void method="put">
    <string>http://marketplace.eclipse.org#4294254</string>
    <object class="java.util.ArrayList">
     <void method="add">
      <string>tokkyMessage.feature</string>
     </void>
    </object>
   </void>
   <void method="put">
    <string>http://marketplace.eclipse.org#148396</string>
    <object class="java.util.ArrayList">
     <void method="add">
      <string>org.eclipse.xtend.sdk</string>
     </void>
    </object>
   </void>
   <void method="put">
    <string>http://marketplace.eclipse.org#581283</string>
    <object class="java.util.ArrayList">
     <void method="add">
      <string>net.sourceforge.eclipsejetty.feature</string>
     </void>
    </object>
   </void>
   <void method="put">
    <string>http://marketplace.eclipse.org#4153768</string>
    <object class="java.util.ArrayList">
     <void method="add">
      <string>org.birenheide.bf.feature</string>
     </void>
     <void method="add">
      <string>org.birenheide.bf.feature.source</string>
     </void>
    </object>
   </void>
   <void method="put">
    <string>http://marketplace.eclipse.org#3233881</string>
    <object class="java.util.ArrayList">
     <void method="add">
      <string>de.defmacro.dandelion.feature.sbcl.mac.intel</string>
     </void>
     <void method="add">
      <string>de.defmacro.dandelion.feature.clisp.mac.intel</string>
     </void>
     <void method="add">
      <string>de.defmacro.dandelion.feature.clisp.linux.x86</string>
     </void>
     <void method="add">
      <string>de.defmacro.dandelion.feature.clisp.mac.ppc</string>
     </void>
     <void method="add">
      <string>de.defmacro.dandelion.feature.clisp.win32.x86</string>
     </void>
     <void method="add">
      <string>de.defmacro.dandelion.feature.sbcl.linux.x86</string>
     </void>
     <void method="add">
      <string>de.defmacro.dandelion.feature.sbcl.win32.x86</string>
     </void>
     <void method="add">
      <string>de.defmacro.dandelion.feature.sbcl.mac.ppc</string>
     </void>
    </object>
   </void>
   <void method="put">
    <string>http://marketplace.eclipse.org#3202</string>
    <object class="java.util.ArrayList">
     <void method="add">
      <string>ccw.feature</string>
     </void>
    </object>
   </void>
   <void method="put">
    <string>http://marketplace.eclipse.org#3943975</string>
    <object class="java.util.ArrayList">
     <void method="add">
      <string>org.eclipse.photran</string>
     </void>
     <void method="add">
      <string>org.eclipse.photran.intel</string>
     </void>
     <void method="add">
      <string>org.eclipse.photran.xlf</string>
     </void>
    </object>
   </void>
   <void method="put">
    <string>http://marketplace.eclipse.org#1460</string>
    <object class="java.util.ArrayList">
     <void method="add">
      <string>org.elysium.feature</string>
     </void>
    </object>
   </void>
   <void method="put">
    <string>http://marketplace.eclipse.org#4706981</string>
    <object class="java.util.ArrayList">
     <void method="add">
      <string>io.snyk.scanner</string>
     </void>
    </object>
   </void>
   <void method="put">
    <string>http://marketplace.eclipse.org#1220</string>
    <object class="java.util.ArrayList">
     <void method="add">
      <string>bndtools.main.feature</string>
     </void>
     <void method="add">
      <string>bndtools.m2e.feature</string>
     </void>
     <void method="add">
      <string>bndtools.pde.feature</string>
     </void>
    </object>
   </void>
   <void method="put">
    <string>http://marketplace.eclipse.org#1023</string>
    <object class="java.util.ArrayList">
     <void method="add">
      <string>com.vaadin.integration.eclipse</string>
     </void>
     <void method="add">
      <string>com.vaadin.designer2.eclipse</string>
     </void>
     <void method="add">
      <string>com.vaadin.designer.eclipse</string>
     </void>
    </object>
   </void>
   <void method="put">
    <string>http://marketplace.eclipse.org#3679759</string>
    <object class="java.util.ArrayList">
     <void method="add">
      <string>org.eclipse.papyrus.sysml14.feature</string>
     </void>
    </object>
   </void>
   <void method="put">
    <string>http://marketplace.eclipse.org#2289940</string>
    <object class="java.util.ArrayList">
     <void method="add">
      <string>org.oneclicklabs.hbase.plugin</string>
     </void>
    </object>
   </void>
   <void method="put">
    <string>http://marketplace.eclipse.org#3081653</string>
    <object class="java.util.ArrayList">
     <void method="add">
      <string>org.opendaylight.yangide.feature</string>
     </void>
     <void method="add">
      <string>org.opendaylight.yangide.m2e.yang.feature</string>
     </void>
    </object>
   </void>
   <void method="put">
    <string>http://marketplace.eclipse.org#3995749</string>
    <object class="java.util.ArrayList">
     <void method="add">
      <string>HighlightOnSelectionFeature</string>
     </void>
    </object>
   </void>
   <void method="put">
    <string>http://marketplace.eclipse.org#473457</string>
    <object class="java.util.ArrayList">
     <void method="add">
      <string>com.yattasolutions.umllab.classdiagrams</string>
     </void>
    </object>
   </void>
   <void method="put">
    <string>http://marketplace.eclipse.org#134214</string>
    <object class="java.util.ArrayList">
     <void method="add">
      <string>net.ramso.dita</string>
     </void>
     <void method="add">
      <string>net.ramso.doc</string>
     </void>
    </object>
   </void>
   <void method="put">
    <string>http://marketplace.eclipse.org#710668</string>
    <object class="java.util.ArrayList">
     <void method="add">
      <string>org.eclipse.ocl.master</string>
     </void>
    </object>
   </void>
   <void method="put">
    <string>http://marketplace.eclipse.org#1426461</string>
    <object class="java.util.ArrayList">
     <void method="add">
      <string>org.pitest.feature</string>
     </void>
     <void method="add">
      <string>org.pitest.pitclipse.core.feature</string>
     </void>
     <void method="add">
      <string>org.pitest.pitclipse.ui.feature</string>
     </void>
    </object>
   </void>
   <void method="put">
    <string>http://marketplace.eclipse.org#1097343</string>
    <object class="java.util.ArrayList">
     <void method="add">
      <string>org.nodeclipse.pluginslist.feature</string>
     </void>
     <void method="add">
      <string>csep.feature</string>
     </void>
     <void method="add">
      <string>pm.eclipse.editbox.feature</string>
     </void>
    </object>
   </void>
   <void method="put">
    <string>http://marketplace.eclipse.org#2427135</string>
    <object class="java.util.ArrayList">
     <void method="add">
      <string>org.agileware.natural.cucumber.feature</string>
     </void>
     <void method="add">
      <string>org.agileware.natural.jbehave.feature</string>
     </void>
    </object>
   </void>
   <void method="put">
    <string>http://marketplace.eclipse.org#4704092</string>
    <object class="java.util.ArrayList">
     <void method="add">
      <string>org.eclipse.papyrus.sysml16.feature</string>
     </void>
    </object>
   </void>
   <void method="put">
    <string>http://marketplace.eclipse.org#2600501</string>
    <object class="java.util.ArrayList">
     <void method="add">
      <string>avroclipse.sdk</string>
     </void>
     <void method="add">
      <string>avroclipse.generator.avpr</string>
     </void>
     <void method="add">
      <string>avroclipse.generator.java</string>
     </void>
    </object>
   </void>
   <void method="put">
    <string>http://marketplace.eclipse.org#4282688</string>
    <object class="java.util.ArrayList">
     <void method="add">
      <string>org.pragmaticmodeling.pxdoc.uml.papyrus.feature</string>
     </void>
    </object>
   </void>
   <void method="put">
    <string>http://marketplace.eclipse.org#1451713</string>
    <object class="java.util.ArrayList">
     <void method="add">
      <string>org.nodeclipse.pluginslist.feature</string>
     </void>
     <void method="add">
      <string>org.nodeclipse.enide.maven.feature</string>
     </void>
     <void method="add">
      <string>de.bastiankrol.startexplorer.feature</string>
     </void>
     <void method="add">
      <string>pm.eclipse.editbox.feature</string>
     </void>
    </object>
   </void>
   <void method="put">
    <string>http://marketplace.eclipse.org#393519</string>
    <object class="java.util.ArrayList">
     <void method="add">
      <string>cn.ieclipse.adt.ext.feature</string>
     </void>
    </object>
   </void>
   <void method="put">
    <string>http://marketplace.eclipse.org#609069</string>
    <object class="java.util.ArrayList">
     <void method="add">
      <string>org.eclipselabs.simplegt.feature</string>
     </void>
    </object>
   </void>
   <void method="put">
    <string>http://marketplace.eclipse.org#609100</string>
    <object class="java.util.ArrayList">
     <void method="add">
      <string>org.eclipselabs.jar2uml</string>
     </void>
    </object>
   </void>
   <void method="put">
    <string>http://marketplace.eclipse.org#2947220</string>
    <object class="java.util.ArrayList">
     <void method="add">
      <string>net.certiv.nomdt.feature</string>
     </void>
    </object>
   </void>
   <void method="put">
    <string>http://marketplace.eclipse.org#4674927</string>
    <object class="java.util.ArrayList">
     <void method="add">
      <string>org.eclipse.papyrus.moka.feature</string>
     </void>
    </object>
   </void>
   <void method="put">
    <string>http://marketplace.eclipse.org#4484439</string>
    <object class="java.util.ArrayList">
     <void method="add">
      <string>oracle.nosql.eclipse.feature</string>
     </void>
    </object>
   </void>
   <void method="put">
    <string>http://marketplace.eclipse.org#2394572</string>
    <object class="java.util.ArrayList">
     <void method="add">
      <string>org.eclipse.m2e.core.ui.phasesandgoals.feature</string>
     </void>
    </object>
   </void>
   <void method="put">
    <string>http://marketplace.eclipse.org#3085446</string>
    <object class="java.util.ArrayList">
     <void method="add">
      <string>org.eclipse.wb.swing.feature.feature.group</string>
     </void>
     <void method="add">
      <string>org.eclipse.wb.swing.doc.user.feature.feature.group</string>
     </void>
     <void method="add">
      <string>org.eclipse.wb.rcp.feature.feature.group</string>
     </void>
     <void method="add">
      <string>org.eclipse.wb.swt.feature.feature.group</string>
     </void>
     <void method="add">
      <string>org.eclipse.wb.rcp.doc.user.feature.feature.group</string>
     </void>
     <void method="add">
      <string>org.eclipse.wb.rcp.SWT_AWT_support.feature.group</string>
     </void>
     <void method="add">
      <string>org.eclipse.wb.xwt.feature.feature.group</string>
     </void>
     <void method="add">
      <string>org.eclipse.wb.core.feature.feature.group</string>
     </void>
     <void method="add">
      <string>org.eclipse.wb.doc.user.feature.feature.group</string>
     </void>
     <void method="add">
      <string>org.eclipse.wb.core.ui.feature.feature.group</string>
     </void>
     <void method="add">
      <string>org.eclipse.wb.css.feature.feature.group</string>
     </void>
     <void method="add">
      <string>org.eclipse.wb.layout.group.feature.feature.group</string>
     </void>
     <void method="add">
      <string>org.eclipse.wb.core.java.feature.feature.group</string>
     </void>
     <void method="add">
      <string>org.eclipse.wb.core.xml.feature.feature.group</string>
     </void>
    </object>
   </void>
   <void method="put">
    <string>http://marketplace.eclipse.org#2706342</string>
    <object class="java.util.ArrayList">
     <void method="add">
      <string>org.eclipse.linuxtools.vagrant.feature</string>
     </void>
    </object>
   </void>
   <void method="put">
    <string>http://marketplace.eclipse.org#4453693</string>
    <object class="java.util.ArrayList">
     <void method="add">
      <string>protelis.parser.feature</string>
     </void>
    </object>
   </void>
   <void method="put">
    <string>http://marketplace.eclipse.org#2503410</string>
    <object class="java.util.ArrayList">
     <void method="add">
      <string>io.mashin.oep.feature</string>
     </void>
    </object>
   </void>
   <void method="put">
    <string>http://marketplace.eclipse.org#2690820</string>
    <object class="java.util.ArrayList">
     <void method="add">
      <string>org.impetuouslab.eclipse.filecompletion.feature</string>
     </void>
    </object>
   </void>
   <void method="put">
    <string>http://marketplace.eclipse.org#889</string>
    <object class="java.util.ArrayList">
     <void method="add">
      <string>org.eclipse.recommenders.rcp.feature</string>
     </void>
     <void method="add">
      <string>org.eclipse.recommenders.snipmatch.rcp.feature</string>
     </void>
     <void method="add">
      <string>org.eclipse.recommenders.mylyn.rcp.feature</string>
     </void>
    </object>
   </void>
   <void method="put">
    <string>http://marketplace.eclipse.org#3037133</string>
    <object class="java.util.ArrayList">
     <void method="add">
      <string>ts-feature</string>
     </void>
     <void method="add">
      <string>ts-jsdt-feature</string>
     </void>
     <void method="add">
      <string>ts-json-feature</string>
     </void>
     <void method="add">
      <string>ts-nodejs.embed-feature</string>
     </void>
     <void method="add">
      <string>ts-validation-feature</string>
     </void>
     <void method="add">
      <string>ts-debugging-feature</string>
     </void>
    </object>
   </void>
   <void method="put">
    <string>http://marketplace.eclipse.org#609072</string>
    <object class="java.util.ArrayList">
     <void method="add">
      <string>org.eclipselabs.simpleocl.feature</string>
     </void>
    </object>
   </void>
   <void method="put">
    <string>http://marketplace.eclipse.org#1467819</string>
    <object class="java.util.ArrayList">
     <void method="add">
      <string>net.harawata.mybatipse.feature</string>
     </void>
    </object>
   </void>
   <void method="put">
    <string>http://marketplace.eclipse.org#4612923</string>
    <object class="java.util.ArrayList">
     <void method="add">
      <string>ArtemisFeature</string>
     </void>
    </object>
   </void>
   <void method="put">
    <string>http://marketplace.eclipse.org#1778507</string>
    <object class="java.util.ArrayList">
     <void method="add">
      <string>com.ibm.websphere.wdt.st.v85</string>
     </void>
     <void method="add">
      <string>com.ibm.wdt.migration.tools.feature</string>
     </void>
     <void method="add">
      <string>com.ibm.wdt.ast.ws.tools.feature</string>
     </void>
     <void method="add">
      <string>com.ibm.osgi.wdt.feature</string>
     </void>
    </object>
   </void>
   <void method="put">
    <string>http://marketplace.eclipse.org#790236</string>
    <object class="java.util.ArrayList">
     <void method="add">
      <string>org.eclipse.umlgen.gen.java.feature</string>
     </void>
     <void method="add">
      <string>org.eclipse.umlgen.gen.java.ui.feature</string>
     </void>
    </object>
   </void>
   <void method="put">
    <string>http://marketplace.eclipse.org#195</string>
    <object class="java.util.ArrayList">
     <void method="add">
      <string>org.eclipse.acceleo.sdk</string>
     </void>
     <void method="add">
      <string>org.eclipse.acceleo</string>
     </void>
    </object>
   </void>
   <void method="put">
    <string>http://marketplace.eclipse.org#2784342</string>
    <object class="java.util.ArrayList">
     <void method="add">
      <string>de.urszeidler.eclipse.solidity.feature</string>
     </void>
    </object>
   </void>
   <void method="put">
    <string>http://marketplace.eclipse.org#4123770</string>
    <object class="java.util.ArrayList">
     <void method="add">
      <string>org.eclipse.epp.mpc</string>
     </void>
    </object>
   </void>
   <void method="put">
    <string>http://marketplace.eclipse.org#1965048</string>
    <object class="java.util.ArrayList">
     <void method="add">
      <string>org.oneclicklabs.java.restful</string>
     </void>
    </object>
   </void>
   <void method="put">
    <string>http://marketplace.eclipse.org#3724955</string>
    <object class="java.util.ArrayList">
     <void method="add">
      <string>org.eclipse.papyrus.designer.languages.java.feature</string>
     </void>
     <void method="add">
      <string>org.eclipse.papyrus.designer.languages.cpp.feature</string>
     </void>
     <void method="add">
      <string>org.eclipse.papyrus.designer.transformation.main.feature</string>
     </void>
     <void method="add">
      <string>org.eclipse.papyrus.designer.ucm.feature</string>
     </void>
    </object>
   </void>
   <void method="put">
    <string>http://marketplace.eclipse.org#1126240</string>
    <object class="java.util.ArrayList">
     <void method="add">
      <string>org.eclipse.recommenders.stats.rcp.feature</string>
     </void>
    </object>
   </void>
   <void method="put">
    <string>http://marketplace.eclipse.org#1073</string>
    <object class="java.util.ArrayList">
     <void method="add">
      <string>org.eclipse.xtext.sdk</string>
     </void>
    </object>
   </void>
   <void method="put">
    <string>http://marketplace.eclipse.org#4008412</string>
    <object class="java.util.ArrayList">
     <void method="add">
      <string>com.genuitec.eclipse.code.feature</string>
     </void>
     <void method="add">
      <string>com.genuitec.eclipse.code.angular.feature</string>
     </void>
     <void method="add">
      <string>com.genuitec.eclipse.code.extended.feature</string>
     </void>
     <void method="add">
      <string>com.genuitec.eclipse.code.livepreview.feature</string>
     </void>
     <void method="add">
      <string>com.genuitec.eclipse.code.navigation.feature</string>
     </void>
     <void method="add">
      <string>com.genuitec.eclipse.code.slack.feature</string>
     </void>
    </object>
   </void>
   <void method="put">
    <string>http://marketplace.eclipse.org#4417215</string>
    <object class="java.util.ArrayList">
     <void method="add">
      <string>com.helospark.ImportJarAsProjectFeature</string>
     </void>
    </object>
   </void>
   <void method="put">
    <string>http://marketplace.eclipse.org#1778478</string>
    <object class="java.util.ArrayList">
     <void method="add">
      <string>com.ibm.websphere.wdt.server.tools.main</string>
     </void>
     <void method="add">
      <string>com.ibm.wdt.ast.ws.tools.feature</string>
     </void>
     <void method="add">
      <string>com.ibm.osgi.wdt.feature</string>
     </void>
     <void method="add">
      <string>com.ibm.wdt.migration.tools.feature</string>
     </void>
     <void method="add">
      <string>com.ibm.ws.st.docker</string>
     </void>
     <void method="add">
      <string>com.ibm.wdt.webtools.top.feature</string>
     </void>
    </object>
   </void>
   <void method="put">
    <string>http://marketplace.eclipse.org#3579717</string>
    <object class="java.util.ArrayList">
     <void method="add">
      <string>com.itemis.jbc.feature</string>
     </void>
    </object>
   </void>
   <void method="put">
    <string>http://marketplace.eclipse.org#1496765</string>
    <object class="java.util.ArrayList">
     <void method="add">
      <string>com.ibm.java.diagnostics.visualizer.feature</string>
     </void>
    </object>
   </void>
   <void method="put">
    <string>http://marketplace.eclipse.org#53864</string>
    <object class="java.util.ArrayList">
     <void method="add">
      <string>com.adocus.mma.papyrus.v4.feature</string>
     </void>
    </object>
   </void>
  </void>
 </object>
</java>
