<?xml version="1.0" encoding="UTF-8"?>
<project default="generate" name="org.eclipse.acceleo.module.sample">
    <property name="ECLIPSE_HOME" value="../../../../eclipse/modeling-2019-09/eclipse"/>
    <property name="ECLIPSE_WORKSPACE" value="../../../../runtime-New_configuration"/>

    <!-- The classpath with only the dependencies used by the project -->
    <path id="org.eclipse.acceleo.module.sample.libraryclasspath">
        <pathelement location="${ECLIPSE_WORKSPACE}/org.eclipse.acceleo.module.sample/bin"/>
    </path>

    <path id="org.eclipse.acceleo.module.sample.classpath">
        <path refid="org.eclipse.acceleo.module.sample.libraryclasspath"/>
    </path>

    <!-- The classpath with only the jars available in the plugin folder of Eclipse -->
    <path id="org.eclipse.acceleo.module.sample.libraryclasspath.alljars">
        <pathelement location="../org.eclipse.acceleo.module.sample/bin"/>
        <fileset dir="${ECLIPSE_HOME}/plugins/" includes="*.jar"/>
    </path>

    <path id="org.eclipse.acceleo.module.sample.classpath.alljars">
        <path refid="org.eclipse.acceleo.module.sample.libraryclasspath.alljars"/>
    </path>

    <!-- The default task with the jars used by this project -->
    <target name="generate">
        <java classname="org.eclipse.acceleo.module.sample.main.Generate" classpathref="org.eclipse.acceleo.module.sample.classpath">
            <arg value="${model}"/>
            <arg value="${target}"/>
        </java>
    </target>

    <!--
        In case of problem you can also try with all the jar available in your Eclipse
        Keep in mind that having two versions of the same jar can create problems
    -->
    <target name="generate.alljars">
        <java classname="org.eclipse.acceleo.module.sample.main.Generate" classpathref="org.eclipse.acceleo.module.sample.classpath">
            <arg value="${model}"/>
            <arg value="${target}"/>
        </java>
    </target>
</project>
