<?xml version="1.0" encoding="UTF-8"?>
<root>
<contributor name="org.eclipse.pde"/>
<contributor name="org.eclipse.ui.intro"/>
<contributor name="org.eclipse.mylyn.help.ui"/>
<contributor name="org.eclipse.jdt"/>
<contributor name="org.eclipse.acceleo.examples"/>
<contributor name="org.eclipse.epp.mpc.ui"/>
<contributor name="org.eclipse.emf.cdo.doc"/>
<contributor name="org.eclipse.pde.ui"/>
<contributor name="org.eclipse.platform"/>
<contributor name="org.eclipse.papyrus.uml.diagram.wizards"/>
<contributor name="org.eclipse.acceleo.ide.ui"/>
<contributor name="org.eclipse.egit.doc"/>
<contributor name="org.eclipse.ui.intro.universal"/>
</root>